﻿Alumni_id,alumni_Name,alumni_FirstName,Major,Davis_rep,Position,industryType,email,company_name,Year
1,Charles,Arlo,Computer Science,2,Analyst,1,caleb@gmail.com,Goldman Sachs,1991
2,Charles,Bono,Statistics,1,Software Engineer,2,nick@gmail.com,Facebook,1991
3,Charles,Jeneva,Biology,5,Data Scientist,3,enock@gmail.com,Google,1991
4,Charles,Abigail,Mathematics,6,Consultant,4,enock@gmail.com,Evercore,1991
5,Boniface,Toto,Mathematics,3,Technology Analyst,5,sylvia@gmail.com,Boston Consulting Group,1991
6,Boniface,Honer,Psychology,4,Social Psychologist,6,vicky@gmail.com,VaynerMedia,1991
7,Boniface,Jack,Psychology,2,Product Manager,7,nelson@gmail.com,Microsoft,1991
8,Boniface,Noah,Psychology,1,Technician,8,jenny@gmail.com,Tesla,1991
9,Boniface,James,Psychology,4,Investment Banker,9,peter@gmail.com,United Nations,1991
10,Boniface,Leo,Psychology,5,Biostatistician,10,mary@gmail.com,Kinder Morgan,1991
11,Boniface,Oliver,Psychology,3,Associate,11,rose@gmail.com,Foundation Medicine,1991
12,Boniface,Harris,Psychology,2,Engineer,12,rita@gmail.com,Dell,1991
13,Boniface,Rory,Psychology,3,Researcher,13,mike@gmail.com,Hubspot,1991
14,Boniface,Alexander,Psychology,6,Researcher,14,frank@gmail.com,NVIDIA,1991
15,Boniface,Finlay,Chemistry,1,Researcher,15,george@gmail.com,Indeed,1991
16,Boniface,Archie,Chemistry,2,Biostatistician,16,susan@gmail.com,Linkedin3,1991
17,Boniface,Lucas,Chemistry,4,Biostatistician,17,joseph@gmail.com,Shopify,1991
18,Boniface,Charlie,Chemistry,5,Consultant,18,jenkins@gmail.com,McKinsey & Company,1991
19,Boniface,Alfie,Chemistry,6,Consultant,19,antony@gmail.com,Bain & Company,1991
20,Boniface,Theo,Chemistry,2,Consultant,20,sally@gmail.com,Harvard,1991
21,Boniface,Lewis,Chemistry,2,Consultant,21,martin@gmail.com,PrivewaterhouseCoopers(PwC),1991
22,Boniface,Finn,History,3,Analyst,22,jackson@gmail.com,Deloitte,1991
23,deGrasse,Brodie,History,5,Analyst,23,jackqueline@gmail.com,Ernest & Young,1991
24,deGrasse,Thomas,History,6,Analyst,24,abby@gmail.com,KPMG,1991
25,deGrasse,Mason,History,1,Analyst,25,sheri@gmail.com,Apple,1991
26,deGrasse,Jacob,History,5,Analyst,26,smith@gmail.com,Volkswagen,1991
27,deGrasse,Logan,History,4,Analyst,27,miller@gmail.com,BMW,1991
28,deGrasse,Max,Physics,1,Analyst,28,howe@gmail.com,Toyota Motor3,1991
29,deGrasse,Freddie,Physics,1,Data Scientist,29,enock@gmail.com,Xbox,1991
30,deGrasse,Harry,Physics,4,Data Scientist,30,edwin@gmail.com,Twitch,1991
31,deGrasse,Adam,Physics,1,Data Scientist,31,joyc@gmail.com,IBM,1991
32,deGrasse,Ollie,Physics,2,Data Scientist,32,mila@gmail.com,Adobe,1991
33,deGrasse,Tommy,Physics,3,Data Scientist,33,philip@gmail.com,Salesforce,1991
34,deGrasse,Daniel,Economics,1,Data Scientist,34,emmanuel@gmail.com,Salesforce1,1991
35,deGrasse,Joshua,Economics,5,Data Scientist,35,maxuel@gmail.com,Salesforce2,1991
36,deGrasse,Oscar,Economics,5,Consultant,36,timothy@gmail.com,Salesforce3,1991
37,deGrasse,Muhammad,Economics,1,Consultant,37,elisivia@gmail.com,Salesforce4,1991
38,deGrasse,Arthur,Economics,1,Consultant,38,lawrence@gmail.com,Toyota Motor,1991
39,deGrasse,Roman,Economics,2,Consultant,39,hussein@gmail.com,Toyota Motor1,1991
40,Fields,Liam,Economics,4,Consultant,40,onche@gmail.com,Toyota Motor2,1991
41,Fields,Harrison,Economics,3,Consultant,41,ukuntu@gmail.com,Linkedin,1991
42,Fields,Jude,Computer Science,5,Consultant,42,ronaldo@gmail.com,Linkedin1,1991
43,Fields,William,Computer Science,6,Technology Analyst,43,ramirez@gmail.com,Linkedin2,1991
44,Fields,Ethan,Computer Science,4,Technology Analyst,44,neymar@gmail.com,Alphabet,1991
45,Fields,Hunter,Mathematics,6,Technology Analyst,45,perez@gmail.com,Unity,1991
46,Fields,Callum,Mathematics,3,Accountant,46,lewis@gmail.com,MongoDB,1991
47,Fields,Luke,Mathematics,4,Analyst,47,toto@gmail.com,Oracle,1991
48,Fields,Blake,Mathematics,6,Software Engineer,48,christian@gmail.com,Blackrock,1991
49,Fields,Luca,Mathematics,3,Community Organizer,49,orimbo@gmail.com,White House,1991
