﻿1,Bill,Williams,rep1@colby.edu,1971
2,Bill,Williams,rep1@colby.edu,1972
3,Bill,Williams,rep1@colby.edu,1973
4,Bill,Williams,rep1@colby.edu,1974
5,Bill,Williams,rep1@colby.edu,1975
6,Bill,Williams,rep1@colby.edu,1976
7,Bill,Williams,rep1@colby.edu,1977
8,Bill,Williams,rep1@colby.edu,1978
9,Bill,Williams,rep1@colby.edu,1979
10,Bill,Williams,rep1@colby.edu,1980
11,Mick,Thomson,rep1@colby.edu,1981
12,Mick,Thomson,rep1@colby.edu,1982
13,Mick,Thomson,rep1@colby.edu,1983
14,Mick,Thomson,rep1@colby.edu,1984
15,Mick,Thomson,rep1@colby.edu,1985
16,Mick,Thomson,rep1@colby.edu,1986
17,Mick,Thomson,rep1@colby.edu,1987
18,Mick,Thomson,rep1@colby.edu,1988
19,Mick,Thomson,rep1@colby.edu,1989
20,Mick,Thomson,rep1@colby.edu,1990
21,Steve,Lions,rep1@colby.edu,1991
22,Steve,Lions,rep1@colby.edu,1992
23,Steve,Lions,rep1@colby.edu,1993
24,Steve,Lions,rep1@colby.edu,1994
25,Steve,Lions,rep1@colby.edu,1995
26,Steve,Lions,rep1@colby.edu,1996
27,Steve,Lions,rep1@colby.edu,1997
28,Steve,Lions,rep2@colby.edu,1998
29,Steve,Lions,rep2@colby.edu,1999
30,Arnold,Schwarz,rep2@colby.edu,2000
31,Arnold,Schwarz,rep2@colby.edu,2001
32,Arnold,Schwarz,rep2@colby.edu,2002
33,Arnold,Schwarz,rep2@colby.edu,2003
34,Arnold,Schwarz,rep2@colby.edu,2004
35,Arnold,Schwarz,rep2@colby.edu,2005
36,Arnold,Schwarz,rep2@colby.edu,2006
37,Arnold,Schwarz,rep2@colby.edu,2007
38,Arnold,Schwarz,rep2@colby.edu,2008
39,Linus,Tips,rep2@colby.edu,2009
40,Linus,Tips,rep2@colby.edu,2010
41,Linus,Tips,rep2@colby.edu,2011
42,Linus,Tips,rep2@colby.edu,2012
43,Linus,Tips,rep2@colby.edu,2013
44,Linus,Tips,rep2@colby.edu,2014
45,Linus,Tips,rep2@colby.edu,2015
46,Linus,Tips,rep2@colby.edu,2016
47,Linus,Tips,rep2@colby.edu,2017
48,Linus,Tips,rep2@colby.edu,2018
49,Linus,Tips,rep2@colby.edu,2019