industryType,industryName,med_Salary
1,Analyst,70000
2,Testing,70000
3,Designer,65000
4,Designer,65000
5,Banking,70000
6,Engineering,80000
7,Automotive,70000
8,Chemical,70000
9,Genetics,80000
10,Admin,90000
11,Banking,70000
12,Banking,70000
13,Analyst,85000
14,Engineering,85000
15,Automotive,65000
16,Banking,70000
17,Planning,80000
18,Planning,80000
19,Materials,85000
20,Distribution,90000
21,Chemical,65000
22,Consulting,65000
23,Engineering,80000
24,Chemical,75000
25,Genetics,80000
26,Genetics,80000
27,Clothing,70000
28,Automotive,70000
29,Consulting,75000
30,Operator,80000
31,Engineering,85000
32,Designer,85000
33,Administration,80000
34,Operator,75000
35,Genetics,70000
36,Administration,70000
37,Administration,70000
38,Administration,75000
39,Analyst,80000
40,Consulting,80000
41,Genetics,75000
42,Chemical,75000
43,Chemical,75000
44,Automotive,80000
45,Engineering,80000
46,Automotive,80000
47,Chemical,65000
48,Banking,70000
49,Banking,70000
