﻿Student_id,Name,First Name,Year,Grad_Year,Major,Davis_rep
1,Charles,Caleb,Junior,2023,Computer Science,2
2,Charles,Nick,Senior,2021,Statistics,1
3,Charles,Enock,Senior,2022,Biology,5
4,Charles,Sylvia,Sophomore,2024,Mathematics,6
5,Charles,Vicky,Freshman,2025,Mathematics,3
6,Charles,Nelson,Senior,2022,Psychology,4
7,Charles,Sharon,Senior,2022,Psychology,2
8,Charles,Jenny,Senior,2022,Psychology,1
9,Charles,Peter,Senior,2022,Psychology,4
10,Mays,Mary,Senior,2022,Psychology,5
11,Mays,Rose,Senior,2022,Psychology,3
12,Mays,Rita,Senior,2022,Psychology,2
13,Mays,Mike,Junior,2023,Psychology,3
14,Mays,Frank,Junior,2023,Psychology,6
15,Mays,George,Junior,2023,Chemistry,1
16,Mays,Susan,Junior,2023,Chemistry,2
17,Mays,Joseph,Senior,2022,Chemistry,4
18,Mays,Jenkins,Senior,2022,Chemistry,5
19,Mays,Antony,Senior,2022,Chemistry,6
20,Poole,Sally,Senior,2022,Chemistry,2
21,Poole,Martin,Freshman,2025,Chemistry,2
22,Poole,Jackson,Freshman,2025,History,3
23,Poole,Jacqueline,Freshman,2025,History,5
24,Poole,Abby,Freshman,2025,History,6
25,Poole,Sheri,Freshman,2025,History,1
26,Poole,Smith,Freshman,2025,History,5
27,Poole,Miller,Freshman,2025,History,4
28,Poole,Howe,Freshman,2025,Physics,1
29,Poole,Enock,Freshman,2025,Physics,1
30,Poole,Edwin,Freshman,2025,Physics,4
31,Poole,Joyce,Freshman,2025,Physics,1
32,Poole,Mila,Freshman,2025,Physics,2
33,Poole,Philip,Freshman,2025,Physics,3
34,Poole,Emmanuel,Junior,2023,Economics,1
35,Poole,Maxuel,Junior,2023,Economics,5
36,Poole,Timothy,Junior,2023,Economics,5
37,Greene,Elisivia,Junior,2023,Economics,1
38,Greene,Lawrence,Junior,2023,Economics,1
39,Greene,Hussein,Junior,2023,Economics,2
40,Greene,Onche,Junior,2023,Economics,4
41,Greene,Ukuntu,Junior,2023,Economics,3
42,Greene,Ronaldo,Junior,2023,Computer Science,5
43,Greene,Ramirez,Sophomore,2024,Computer Science,6
44,Greene,Neymar,Sophomore,2024,Computer Science,4
45,Jones,Perez,Sophomore,2024,Mathematics,6
46,Jones,Lewis,Sophomore,2024,Mathematics,3
47,Jones,Toto,Sophomore,2024,Mathematics,4
48,Jones,Christian,Sophomore,2024,Mathematics,6
49,Jones,Orimbo,Sophomore,2024,Mathematics,3
