﻿company_name,industry_type,NumberofEmployees,city
Goldman Sachs,1,20,Copenhagen
Facebook,2,20,Copenhagen
Google,3,20,Copenhagen
Evercore,4,20,Copenhagen
Boston Consulting Group,5,20,Copenhagen
VaynerMedia,6,20,Copenhagen
Microsoft,7,20,Copenhagen
Tesla,8,20,Copenhagen
United Nations,9,20,Copenhagen
Kinder Morgan,10,20,Copenhagen
Foundation Medicine,11,20,Copenhagen
Dell,12,20,Copenhagen
Hubspot,13,20,Copenhagen
NVIDIA,14,20,NYC
Indeed,15,20,NYC
Linkedin3,16,40,NYC
Shopify,17,40,NYC
McKinsey & Company,18,40,NYC
Bain & Company,19,40,NYC
Harvard,20,40,NYC
PrivewaterhouseCoopers(PwC),21,40,NYC
Deloitte,22,40,Caracas
Ernest & Young,23,40,Caracas
KPMG,24,40,Caracas
Apple,25,40,Caracas
Volkswagen,26,40,Caracas
BMW,27,40,Caracas
Toyota Motor3,28,40,Caracas
Xbox,29,40,Caracas
Twitch,30,40,Caracas
IBM,31,60,Miami
Adobe,32,60,Miami
Salesforce,33,60,Miami
Salesforce1,34,60,Miami
Salesforce2,35,60,Miami
Salesforce3,36,60,Miami
Salesforce4,37,60,Miami
Toyota Motor,38,10,Miami
Toyota Motor1,39,10,Miami
Toyota Motor2,40,10,Miami
Linkedin,41,10,Miami
Linkedin1,42,10,Miami
Linkedin2,43,10,Miami
Alphabet,44,10,Macon
Unity,45,10,Macon
MongoDB,46,10,Macon
Oracle,47,10,Macon
Blackrock,48,10,Macon
White House,49,10,Macon
